{"Epoch": 239, "Train Loss": 1.2778562144548804, "Train Accuracy": 99.71064814814815, "_timestamp": 1699959061, "_runtime": 63276, "_step": 286, "Validation Loss": 1.3456823169638257, "Validation Accuracy": 92.62672811059907}